{
  "IsEncrypted": false,
  "Values": {
    "WEBSITE_SLOT_NAME": "Production",
    "FUNCTIONS_EXTENSION_VERSION": "~4",
    "ScmType": "None",
    "WEBSITE_AUTH_ENABLED": "False",
    "AzureWebJobsDashboard": "DefaultEndpointsProtocol=https;AccountName=jbtappsa;AccountKey=4xw/P2JOr/Q4HStQz7y34irB5d8k/NjeMSV0T2OFgGumeQi+OvT9Hb6r15glHL+Tk0rtNFVkZ5Dd+AStb+QsiA==;EndpointSuffix=core.windows.net",
    "WEBSITE_CONTENTAZUREFILECONNECTIONSTRING": "DefaultEndpointsProtocol=https;AccountName=jbtappsa;AccountKey=4xw/P2JOr/Q4HStQz7y34irB5d8k/NjeMSV0T2OFgGumeQi+OvT9Hb6r15glHL+Tk0rtNFVkZ5Dd+AStb+QsiA==;EndpointSuffix=core.windows.net",
    "WEBSITE_CONTENTSHARE": "jbtwinfuncapp-719c",
    "FUNCTIONS_WORKER_RUNTIME": "powershell",
    "WEBSITE_SITE_NAME": "jbtwinfuncapp",
    "AzureWebJobsStorage": "DefaultEndpointsProtocol=https;AccountName=jbtappsa;AccountKey=4xw/P2JOr/Q4HStQz7y34irB5d8k/NjeMSV0T2OFgGumeQi+OvT9Hb6r15glHL+Tk0rtNFVkZ5Dd+AStb+QsiA==;EndpointSuffix=core.windows.net"
  }
}